"code",approved,flag,category,subcat,title,author,year,isbn,other_info,comments
"guild",1,0,"","","Glass: The Smithsonian Illustrated Library of Antiques","Paul Vickers Gardner","1979","LCC 78-62735","","donated by Warren &amp; Meredith Harmon"
"guild",1,0,"","","Islamic Metalwork","Rachel Ward","1993","0-7141-1458-8","","donated by Kaye Wallace"
"guild",1,0,"","","Kovel's American Silver Marks: 1650 to the Present","Ralph + Terry Kovel","1989","0-517-56882-9","","donated by Meredith Harmon"
"carowyn",1,0,"GLASS BOOKS","","American Glass","George S &amp; Helen McKearin","1941","Crown Publishers / New York","",""
"carowyn",1,0,"GLASS BOOKS","","Ancient and Byzantine Glass From Sardis","Axel von Saldern","1980","isbn 0-674-03303-5","",""
"carowyn",1,0,"GLASS BOOKS","","Ancient and Near Eastern Glass: The Toledo Museum of Art","Otto Whitmann, director","no documentation","","",""
"carowyn",1,0,"GLASS BOOKS","","Ancient Egyptian Glass and Faience Part II","Christie's - London","6/7/93","","",""
"carowyn",1,0,"GLASS BOOKS","","Ancient Egyptian Glass and Faience Part III","Christie's - London","12/8/93","","",""
"carowyn",1,0,"GLASS BOOKS","","Ancient Egyptian Glass Inlays Part 2","Christie's - London","7/7/93","","",""
"carowyn",1,0,"GLASS BOOKS","","Ancient Glass","Sotheby's - London","11/20/87","","",""
"carowyn",1,0,"GLASS BOOKS","","Ancient Glass: Alfred Wolkenberg Collection","Brooks Memorial Art Gallery - Memphis, TN","1964","","",""
"carowyn",1,0,"GLASS BOOKS","","Ancient Glass at the Newark Museum","Susan H. Auth","1976","LCC 76-47222","",""
"carowyn",1,0,"GLASS BOOKS","","Ancient Glass","Michael Bullock &amp; Alisa Jaffa, translators","1962","Barrie &amp; Rockliff / London","",""
"carowyn",1,0,"GLASS BOOKS","","Ancient Stained and Painted Glass","F.S. Eden","1913","Cambridge: University Press","",""
"carowyn",1,0,"GLASS BOOKS","","Antique Glass Bottles","Willy Van den Bossche","2001","isbn 1-85149-337-9","","$30"
"carowyn",1,0,"GLASS BOOKS","","Antiquities","Christie's New York","12/10/04","","(also jewelry, sculpture, etc.)",""
"carowyn",1,0,"GLASS BOOKS","","The Art of Glass Making","Sidney Waugh","1937","Dodd, Mead &amp; Co / New York","",""
"carowyn",1,0,"GLASS BOOKS","","The Breitbart Collection of Antiquities and Ancient Glass","Sotheby's - New York","Wed 6/20/1990","","",""
"carowyn",1,0,"GLASS BOOKS","","Collecting Lalique Perfume Bottles &amp; Glass","Robert Prescott-Walker","2001","isbn 1-870703-14-6","","$10 - Atlantic Books"
"carowyn",1,0,"GLASS BOOKS","","The Constable-Maxwell Collection of Ancient Glass","Sotheby's","5/4/79-6/5/79","","",""
"carowyn",1,0,"GLASS BOOKS","","Crafting in Glass: Molding, Fusing, Embellishing, Designing","Anita &amp; Seymour Isenberg","1981","isbn 0-8019-6947-6","",""
"carowyn",1,0,"GLASS BOOKS","","Czechoslovakian Glass &amp; Collectibles","Dale &amp; Diane Barta, Helen M Rose","1992","ISBN 0-89145-483-7","",""
"carowyn",1,0,"GLASS BOOKS","","Faith, Hope, and Light: The Art of the Stained Glass Window","Courage Books / Running Press","1999","ISBN 0-7264-0593-7","",""
"carowyn",1,0,"GLASS BOOKS","","Fancy Beads from the West African Trade, Volume III","John &amp; Ruth Picard","1987","","","SIGNED"
"carowyn",1,0,"GLASS BOOKS","","Four Hellenistic Vessels","Museum News / The Toledo Museum of Art","Vol 22, ZNo 2, 1980","","",""
"carowyn",1,0,"GLASS BOOKS","","Glass","John A Brooks","1973","ISBN 0-307-43112-6","",""
"carowyn",1,0,"GLASS BOOKS","","Glass","Reino Leifkes ed","1997","ISBN 1-85177-197-2","",""
"carowyn",1,0,"GLASS BOOKS","","Glass","Paul Vickers Gardner","1979","LCC 78-62735","",""
"carowyn",1,0,"GLASS BOOKS","","Glass &amp; Metalware","Tony Curtis, intro","1990","ISBN 1-85170-915-0","",""
"carowyn",1,0,"GLASS BOOKS","","Glass: A Guide for Collectors","Gabriella Gros-Galliner","1970","SBN 8128-1326-X","",""
"carowyn",1,0,"GLASS BOOKS","","Glass and Glassmaking in Ancient Mesopotamia","Axel von Saldern et al","1988","ISBN 0-87290-058-4","",""
"carowyn",1,0,"GLASS BOOKS","","Glass Beads from Early Anglo-Saxon Graves","Birte Brugmann","2004","ISBN 1-84217-104-6","",""
"carowyn",1,0,"GLASS BOOKS","","Glass Beads From Europe","Sibylle Jargstorf","1995","isbn 0-88740-839-7","",""
"carowyn",1,0,"GLASS BOOKS","","Glass Fact File A-Z","Ivo Haanstra","Sept 2004","","",""
"carowyn",1,0,"GLASS BOOKS","","Glass From Islamic Lands","Stefano Carboni","2001","ISBN 0-500-97607-4","",""
"carowyn",1,0,"GLASS BOOKS","","Glass From the Ancient World: The Ray Winfield Smith Collection","Corning Museum of Glass","1957","LCC 57-11404","",""
"carowyn",1,0,"GLASS BOOKS","","Glass","George Savage","1965","Wiedenfeld &amp; Nicholson / London","",""
"carowyn",1,0,"GLASS BOOKS","","Glass","George Savage","1972","isbn 7064-0038-0","",""
"carowyn",1,0,"GLASS BOOKS","","Glass in Jewelry: Hidden Artistry in Glass","Sibylle Jargstorf","1991","isbn 0-88740-295-x","",""
"carowyn",1,0,"GLASS BOOKS","","The Glass Industry in Ancient Egypt Until of the Coptic Era (BOOKLET)","Dr. Raouf Habib","","","",""
"carowyn",1,0,"GLASS BOOKS","","Glass of the Roman Empire","David Whitehouse","1988","SBN 0-87290-118-1","",""
"carowyn",1,0,"GLASS BOOKS","","Glass of the Sultans","Stefano Carboni &amp; David Whitehouse","2001","ISBN 0-87099-986-9","",""
"carowyn",1,0,"GLASS BOOKS","","Glass: Philosophy and Method","John Burton","1967","LCC 67-28894","",""
"carowyn",1,0,"GLASS BOOKS","","Glass: The Smithsonian Illustrated Library of Antiques","Paul Vickers Gardner","1979","LCC 78-62735","",""
"carowyn",1,0,"GLASS BOOKS","","The Golden Age of Venetian Glass","Hugh Tait","1979","ISBN 0-7141-1351-4","",""
"carowyn",1,0,"GLASS BOOKS","","The History of Beads Concise Edition","Lois Sherr Dubin","1995","ISBN 0-8109-2617-2","",""
"carowyn",1,0,"GLASS BOOKS","","The History of Beads from 30,000 BC to the Present","Lois Sherr Dubin","1987","ISBN 0-8109-9176-4","",""
"carowyn",1,0,"GLASS BOOKS","","Italian Blown Glass From Ancient Rome to Venice","Giovanni Mariacher","1961","Thames &amp; Hudson / London","",""
"carowyn",1,0,"GLASS BOOKS","","Masterpieces of Glass","various","1968","SBN 7141-0014-5","",""
"carowyn",1,0,"GLASS BOOKS","","Millefiori Beads from the West African Trade, Volume VI","John &amp; Ruth Picard","1991","ISBN 0-9622884-1-1","","SIGNED"
"carowyn",1,0,"GLASS BOOKS","","A Mural Glass Mosaic from the Imperial Roman Villa near Naples","R.T. Gunther","1912","","treatise to the Society of Antiquaries, London",""
"carowyn",1,0,"GLASS BOOKS","","Old Glass: European &amp; American","N. Hudson Moore","1924","Tudor Publishing Company / New York","",""
"carowyn",1,0,"GLASS BOOKS","","Old Glass","O.M. Wilkinson","1968","Philosophical Library / NY, NY","",""
"carowyn",1,0,"GLASS BOOKS","","On a Saracenic Goblet of Enamelled Glass of Medieval Date","Charles H Read","1902","","treatise to the Society of Antiquaries, Westminster",""
"carowyn",1,0,"GLASS BOOKS","","A Short History of Glass","Chloe Zerwick","1990","ISBN 0-8109-3801-4","",""
"carowyn",1,0,"GLASS BOOKS","","Soviet Glass","N. Woronow, E. Ratschuk","1973","Art Edition, Aurora, Leningrad","",""
"carowyn",1,0,"GLASS BOOKS","","The Von Dehn Collection of Ancient Glass","Christie's - London","4/30/75","","",""
"carowyn",1,0,"GLASS BOOKS","","White Hearts, Feather and Eye Beads from the West African Trade, Volume IV","John &amp; Ruth Picard","1988","","","SIGNED"
"carowyn",1,0,"GLASS BOOKS","","The Wonders of Ancient Glass at the Israeli Museum, Jerusalem","Yael Israeli","1998","ISBN 965-278-214-9","",""
"carowyn",1,0,"GLASS BOOKS","","The World of the Etruscans","Bowers Museum of Cultural Art","2001","no ISBN","Florence, Italy",""
"carowyn",1,0,"JEWELRY BOOKS","","American Jewelry","Christie's - New York","10/21/92","","",""
"carowyn",1,0,"JEWELRY BOOKS","","An Illustrated Dictionary of Jewelry","Harold Newman","1981","ISBN 0-500-27452-5","",""
"carowyn",1,0,"JEWELRY BOOKS","","Ancestral Jewels: Treasures of Britain's Aristocracy","Diana Scarisbrick","1989","ISBN 0-86565-119-1","",""
"carowyn",1,0,"JEWELRY BOOKS","","Ancient Gold: The Wealth of the Thracians","Ivan Marazov","1998","ISBN 1-882507-06-1","",""
"carowyn",1,0,"JEWELRY BOOKS","","Ancient Gold Jewelry at the Dallas Museum of Art","Barbara Deppert-Lippitz","1996","ISBN 0-936227-19-2","",""
"carowyn",1,0,"JEWELRY BOOKS","","Ancient Jewellery from the Near East and Egypt","Galerie Nefer Exhibition Catalog","Spring 1993","","",""
"carowyn",1,0,"JEWELRY BOOKS","","Ancient Jewelry","Ariadne Galleries - New York","12/9/83","","",""
"carowyn",1,0,"JEWELRY BOOKS","","Ancient Jewelry","Christie's - New York","Wed 12/5/2001","","",""
"carowyn",1,0,"JEWELRY BOOKS","","Ancient Jewelry","Christie's - New York","12/11/03","","",""
"carowyn",1,0,"JEWELRY BOOKS","","Ancient Jewelry","Christie's - New York","12/9/04","","",""
"carowyn",1,0,"JEWELRY BOOKS","","Ancient Jewelry","Jack Ogden","1992","ISBN 0-520-08030-0","",""
"carowyn",1,0,"JEWELRY BOOKS","","Ancient Jewelry and Seals","Christie's - New York","12/6/00","","",""
"carowyn",1,0,"JEWELRY BOOKS","","The Ancient World of the Celts","Peter Berresford Ellis","1998","ISBN 0-7607-1716-8","",""
"carowyn",1,0,"JEWELRY BOOKS","","Antique and Fine Jewelry Auction","David Rago Auction House","12/14/02","","",""
"carowyn",1,0,"JEWELRY BOOKS","","Antique and Period Jewels","Christie's - New York","2/12/81","","",""
"carowyn",1,0,"JEWELRY BOOKS","","Antique Jewellery","Christie's - South Kensington","11/12/02","","",""
"carowyn",1,0,"JEWELRY BOOKS","","Antique Jewelry and Trinkets","Fred W Burgess","1919","Tudor Publishing Co / New York","",""
"carowyn",1,0,"JEWELRY BOOKS","","Antique Jewelry and Trinkets","Fred W. Burgess","1937","Tudor Publishing Co New York","",""
"carowyn",1,0,"JEWELRY BOOKS","","Antique Jewelry","Etienne Coche de la Ferte","1962","Hallwag Ltd. Berne","",""
"carowyn",1,0,"JEWELRY BOOKS","","Antique Jewelry","Sotheby's - New York","10/1/80","","",""
"carowyn",1,0,"JEWELRY BOOKS","","Antique Jewelry With Prices: 2nd Edition","Doris J Snell","1997","isbn 0-87069-756-0","",""
"carowyn",1,0,"JEWELRY BOOKS","","Anglo-Saxon Jewelry","Ronald Jessup","1950","Faber &amp; Faber Ltd","",""
"carowyn",1,0,"JEWELRY BOOKS","","The Art of Jewelry 1450-1650","The Martin D'Arcy Gallery of Art","","LCC 75-7644","",""
"carowyn",1,0,"JEWELRY BOOKS","","The Beauty of Jewelry","Joan Frank","1979","lcc 78-59736","",""
"carowyn",1,0,"JEWELRY BOOKS","","Bodyguards: Protective Amulets and Charms","Desmond Morris","1999","isbn 1-86204-572-0","",""
"carowyn",1,0,"JEWELRY BOOKS","","Bulletin of Rhode Island School of Design: Museum Notes, June 1976, Selection VI: Ancient Jewelry from the Museum's Collection","Museum of Art, Rhode Island School of Design, Providence, Rhode Island","","LCC 76-16947","",""
"carowyn",1,0,"JEWELRY BOOKS","","Chic &amp; Glamour","Christie's - Geneva","10/14/00","","",""
"carowyn",1,0,"JEWELRY BOOKS","","Decorative Ring-Headed Pins in Scotland","D.D.A &amp; M. Simpson","1968","","treatise to the Antiquarian Society, Dumfriesshire",""
"carowyn",1,0,"JEWELRY BOOKS","","Early Medieval Art","John Beckwith","","LCC 64-19953","",""
"carowyn",1,0,"JEWELRY BOOKS","","El Dorado: The Gold of Ancient Colombia","from El Museo de Oro, Bogota, Colombia","1974","","",""
"carowyn",1,0,"JEWELRY BOOKS","","Ethnic Jewelry","John Mack, ed","1988","ISBN 0-8109-0891-3","",""
"carowyn",1,0,"JEWELRY BOOKS","","Fine Jewels","Parke-Bernet Galleries - New York","5/15/69","","",""
"carowyn",1,0,"JEWELRY BOOKS","","Finger Ring Lore","William Jones","1890","lcc 67-24357","London / Chatto &amp; Windus, Piccadilly",""
"carowyn",1,0,"JEWELRY BOOKS","","Finger Rings","Diana Scarisbrick &amp; Martin Henig","","ISBN 1-85444-166-3","",""
"carowyn",1,0,"JEWELRY BOOKS","","Five Centuries of Jewelry in the West: 16th to 20th Century","Jean Lanllier &amp; Marie-Ann Pini","1983","isbn 0-517-67240-5","",""
"carowyn",1,0,"JEWELRY BOOKS","","5000 Years of Gems and Jewelry","Frances Rogers &amp; Alice Beard","1947","J.B.Lippincott Company / Philadelphia","",""
"carowyn",1,0,"JEWELRY BOOKS","","5000 Years of Gems and Jewelry","Frances Rogers &amp; Alice Beard","1940","Frederick A Stokes Company / New York","",""
"carowyn",1,0,"JEWELRY BOOKS","","Four Centuries of European Jewellery","Ernle Bradford","1953","no ISBN","Spring Books / England",""
"carowyn",1,0,"JEWELRY BOOKS","","From the Beginning: Archeology and Art in the Israel Museum, Jerusalem","Karl Katz et al","1968","LCC 68-23229","",""
"carowyn",1,0,"JEWELRY BOOKS","","The Gold of Troy: Searching For Homer's Fabled City","Irina Antonova, Vladimir Tolstikov, Mikhail Treister","1996","isbn 0-500-01717-4","",""
"carowyn",1,0,"JEWELRY BOOKS","","A Golden Legacy: Ancient Jewelry from the Burton Y Berry Collection","Wolf Rudolph","1995","ISBN 0-253-34980-X","",""
"carowyn",1,0,"JEWELRY BOOKS","","The Golden Treasure Trove of the Russian Museum","Russian Museum","1998","ISBN 5-900872-69-6","",""
"carowyn",1,0,"JEWELRY BOOKS","","The Great Book of Jewels","Ernst A. &amp; Jean Heininger","1974","isbn 0-517-181320","",""
"carowyn",1,0,"JEWELRY BOOKS","","Greek and Roman Jewellery","Filippo Coarelli","1966","isbn 0-600-01247-6","",""
"carowyn",1,0,"JEWELRY BOOKS","","Highly Important Jewels","Parke-Bernet Galleries - New York","4/13/67","","",""
"carowyn",1,0,"JEWELRY BOOKS","","Highly Important Jewels","Parke-Bernet Galleries - New York","11/13/68","","",""
"carowyn",1,0,"JEWELRY BOOKS","","A History of Jewelry: Five Thousand Years","J Anderson Black","1974","isbn 0-517-34437-8","",""
"carowyn",1,0,"JEWELRY BOOKS","","Important Renaissance Jewels &amp; Gold Snuffboxes","Sotheby's - New York","12/10/73","","",""
"carowyn",1,0,"JEWELRY BOOKS","","Important Jewels","Christie's - New York","12/8/92","","",""
"carowyn",1,0,"JEWELRY BOOKS","","Islamic Jewelry in the Metropolitan Museum of Art","Marilyn Jenkins &amp; Manuel Keene","","","",""
"carowyn",1,0,"JEWELRY BOOKS","","Italian Jeweled Arts","Filippo Rossi","1954","Electra Edifice / Milan","",""
"carowyn",1,0,"JEWELRY BOOKS","","Ivories of the West","Massimo Carra","1966","sbn 600-348-024 (Cameo Books)","",""
"carowyn",1,0,"JEWELRY BOOKS","","Jewellery","Museum of the Ethnography of the Peoples of the USSR","1988","ISBN 5-7300-0235-1","",""
"carowyn",1,0,"JEWELRY BOOKS","","Jewellery","Peter Hinks","1969","Hamlyn Publishing Group / London","",""
"carowyn",1,0,"JEWELRY BOOKS","","Jewellery Through 7000 Years","British Museum","1976","ISBN 0-7141-0055-2","",""
"carowyn",1,0,"JEWELRY BOOKS","","The Jeweller's Art","Hugh Tait &amp; Charlotte Gere","1978","ISBN 0-7141-1349-2","",""
"carowyn",1,0,"JEWELRY BOOKS","","The Jewelry Design Source Book","various","1989","ISBN 0-442-23828-2","",""
"carowyn",1,0,"JEWELRY BOOKS","","The Jewelry Engravers Manual","R allen Hardy &amp; John J Bowman","1976","ISBN 0-486-28154-X","",""
"carowyn",1,0,"JEWELRY BOOKS","","Jewelry: The Smithsonian Illustrated Library of Antiques","Marie-Louise d'Otrange Mastai","","LCC 78-62730","",""
"carowyn",1,0,"JEWELRY BOOKS","","Jewelry Through the Ages","Guido Gregorietti","","LCC 74-83809","",""
"carowyn",1,0,"JEWELRY BOOKS","","Jewelry of the Prehistoric Southwest","E Wesley Jernigan","1978","ISBN 0-8263-0459-1","",""
"carowyn",1,0,"JEWELRY BOOKS","","Jewels and Jewelry","Clare Phillips","2000","ISBN 0-8230-2584-5","",""
"carowyn",1,0,"JEWELRY BOOKS","","Jewels in Spain 1500-1800","Priscilla E Muller","1972","Hispanic Society of America","",""
"carowyn",1,0,"JEWELRY BOOKS","","Jin Yin: Ancient Chinese Gold","the rest is in Chinese, so unknown","","","",""
"carowyn",1,0,"JEWELRY BOOKS","","Joyas","Joan Frank","","ISBN 84-7489-007-1","",""
"carowyn",1,0,"JEWELRY BOOKS","","Kremlin Gold: 1000 Years of Russian Gems &amp; Jewels","Harry N Abrams distributor","2000","isbn 0-9640348-0-8","",""
"carowyn",1,0,"JEWELRY BOOKS","","Magnificent Jewelry","Parke-Bernet Galleries - New York","12/9/70","","",""
"carowyn",1,0,"JEWELRY BOOKS","","Magnificent Jewelry","Sotheby's","4/16/86","","",""
"carowyn",1,0,"JEWELRY BOOKS","","Magnificent Jewelry","Sotheby's","4/27/87","","",""
"carowyn",1,0,"JEWELRY BOOKS","","Magnificent Jewelry","Sotheby's","6/15/87","","",""
"carowyn",1,0,"JEWELRY BOOKS","","Magnificent Jewels","Christie's - New York","10/23/95","","",""
"carowyn",1,0,"JEWELRY BOOKS","","Magnificent Precious Stone Jewelry","Parke-Bernet Galleries - New York","4/10/69","","",""
"carowyn",1,0,"JEWELRY BOOKS","","Masterpieces of the J Paul Getty Museum","Antiquities Department","1997","ISBN 0-89236-420-3","",""
"carowyn",1,1,"JEWELRY BOOKS","","Medieval European Jewellery","Ronald W Lightbown - Victoria &amp; Albert Museum","1992","ISBN 0-948107-87-1","",""
"carowyn",1,0,"JEWELRY BOOKS","","Mediaeval Jewelery","Metropolitan Museum of Art","1940","New York (booklet)","",""
"carowyn",1,0,"JEWELRY BOOKS","","Medieval Jewelry","Metropolitan Museum of Art","1940","Met / New York","",""
"carowyn",1,0,"JEWELRY BOOKS","","Metropolitan Jewelry","Sophie McConnell","1991","isbn 0-87099-616-9","",""
"carowyn",1,0,"JEWELRY BOOKS","","Museum of Jewelry Collector's Reference Edition","","2000","","",""
"carowyn",1,0,"JEWELRY BOOKS","","The Melvin Gutman Jewelry Part I","Parke-Bernet Galleries","4/24/69","","",""
"carowyn",1,0,"JEWELRY BOOKS","","Objects of Adornment: Five Thousand Years of Jewelry from the Walthers Art Gallery, Baltimore","Walthers Art Gallery","1984","ISBN 0-917481-76-X","",""
"carowyn",1,0,"JEWELRY BOOKS","","Palace of Gold &amp; Light: Treasures from the Topkapi<!-- or possibly Topkapu ? -->, Istanbul","Palace Arts Foundation","2000","ISBN 0-9678639-0-2","",""
"carowyn",1,0,"JEWELRY BOOKS","","Pilgrim Souvenirs and Secular Badges","Brian Spencer","1998","ISBN 0-11-290574-9","",""
"carowyn",1,0,"JEWELRY BOOKS","","The Pleasure of Jewelry and Gemstones","Joseph Sataloff &amp; Alison Richards","1975","isbn 0-7064-0384-3","",""
"carowyn",1,0,"JEWELRY BOOKS","","Princely Magnificence: Court Jewels of the Renaissance, 1500-1630","Debrett's Peerage Ltd in association with The Victoria &amp; Albert Museum","1980","ISBN 0-905649-42-7","",""
"carowyn",1,0,"JEWELRY BOOKS","","The Queen's Jewels","Leslie Field","1987","isbn 0-297-79140-0","",""
"carowyn",1,0,"JEWELRY BOOKS","","The Rogozen Treasure","B.F. Cook ed.","1989","isbn 0-7141-1286-0","",""
"carowyn",1,0,"JEWELRY BOOKS","","Sentimental Jewelry","Ann Louise Luthi","","ISBN 0-7478-0363-3","",""
"carowyn",1,0,"JEWELRY BOOKS","","Son of Heaven: Imperial Arts of China","Robert L Thorp","1988","ISBN 0-929209-01-X","",""
"carowyn",1,0,"JEWELRY BOOKS","","Spain: A Heritage Rediscovered","Ariadne Galleries / New York and Meadows Museum / Dallas","","no ISBN","",""
"carowyn",1,0,"JEWELRY BOOKS","","Treasures of Early Irish Art 1500 BC to 1500 AD","Met exhibit","1977","ISBN 0-87099-164-7","",""
"carowyn",1,0,"JEWELRY BOOKS","","Valuable Precious Stone Jewelry","Parke-Bernet Galleries - New York","2/2/67","","",""
"carowyn",1,0,"JEWELRY BOOKS","","Viking Jewelry","","","","",""
"carowyn",1,0,"JEWELRY BOOKS","","Antique Jewellery and Rings","Christie's - South Kensington","4/21/98",""
"carowyn",1,0,"JEWELRY BOOKS","","Renaissance Jewelry","The Metropolitan Museum of Art","1940","New York (B)","",""
"carowyn",1,0,"JEWELRY BOOKS","","Anglo-Saxon Jewellery","Ronald Jessup","1974","isbn 0-85263-262-2","",""
"carowyn",1,0,"JEWELRY BOOKS","","Codognato","Pierre Hebey","1980","isbn 2-84323-400-x","",""
"carowyn",1,0,"JEWELRY BOOKS","","Mediaeval Jewelry","The Metropolitan Museum of Art","1940","New York (B)","",""
"carowyn",1,0,"JEWELRY BOOKS","","Catalogue of the Well Known Collection of Renaissance Jewelry (Martin J Desmoni)","Sotheby's","5/17/60","","",""
"carowyn",1,0,"JEWELRY BOOKS","","The Cheapside Hoard of Elizabethan &amp; Jacobean Jewellery","London Museum Catalogues #2","1928","Lancaster House / Saint James","",""
"carowyn",1,0,"JEWELRY BOOKS","","Bedazzled: 5000 Years of Jewelry","The Walters Art Museum / Sabine Albersmeier","2005","isbn 1-904832-16-4","",""
"carowyn",1,0,"JEWELRY BOOKS","","Tiaras Past and Present","Geoffrey Munn","2002","isbn 0-8109-6594-1","",""
"carowyn",1,0,"JEWELRY BOOKS","","Ancient Jewelry","Christie's - New York","12/8/05","","",""
"carowyn",1,0,"JEWELRY BOOKS","","Greek Gold: Jewelry From the Age of Alexander","Herbert Hoffman &amp; Patricia F Davidson","1965","lcc 65-26949","",""
"carowyn",1,0,"JEWELRY BOOKS","","Ornament &amp; Jewellery","Klement Benda","1967","Svoboda / Prague","",""
"carowyn",1,0,"JEWELRY BOOKS","","Earrings From Antiquit to the Present","Daniela Mascetti &amp; Amanda Triossi","1990","isbn 0-500-28161-0","",""
"carowyn",1,0,"JEWELRY BOOKS","","Ancient Jewelry","Christie's - New York","12/8/99","","",""
"carowyn",1,0,"JEWELRY BOOKS","","Finger Rings From Ancient Egypt to the Present Day","Gerald Taylor &amp; Diana Scarisbrick","1978","isbn 0-900090-54-5","",""
"carowyn",1,0,"JEWELRY BOOKS","","Jet Jewellery &amp; Ornaments","Helen Muller","1980","isbn 0-85263-503-6","Shire Publications",""
"carowyn",1,0,"JEWELRY BOOKS","","Chats on Old Jewellery and Trinkets","MacIver Percival","no date, likely 18th cent","Frederick Stokes Co / NYC","",""
"carowyn",1,0,"JEWELRY BOOKS","","The Triumph of Love: Jewelry 1530-1930","Geoffrey C Munn","1993","isbn 0-500-23661-5","",""
"carowyn",1,0,"JEWELRY BOOKS","","Jewellery","Christie's - London","4/4/01","","",""
"carowyn",1,0,"JEWELRY BOOKS","","Jewels of the Pharaohs","Cyril Aldred","1971","Thames &amp; Hudson","",""
"carowyn",1,0,"JEWELRY BOOKS","","Important Jewels","Sotheby's - New York","6/12/02","","",""
"carowyn",1,0,"JEWELRY BOOKS","","Fine Jewels and Watches","Sotheby's - Chicago","9/28/98","","",""
"carowyn",1,0,"JEWELRY BOOKS","","Jewels of the Late Gabriele Murdock","Sotheby's - New York","12/7/99","","",""
"carowyn",1,0,"JEWELRY BOOKS","","Magnificent Jewellery and Jadeite Jewellery","Christie's - Hong Kong","11/1/00","","",""
"carowyn",1,0,"JEWELRY BOOKS","","Gold, Bronze and Amber Ornaments Found Together Near Banagher, King's Country","E Armstrong","1918","Proceedings of the Society of Antiquaries, London","",""
"carowyn",1,0,"JEWELRY BOOKS","","Rings for the Finger","George Frederick Kunz","1945","isbn 0-486-22226-8","",""
"carowyn",1,0,"JEWELRY BOOKS","","A History of Jewellery 1100-1870","Joan Evans","1970","isbn 0-486-26122-0","",""
"carowyn",1,0,"JEWELRY BOOKS","","Medieval Goldsmiths' Work","Isa Belli Barsali","1969","Hamlyn / Cameo Books","",""
"carowyn",1,0,"JEWELRY BOOKS","","Jewelry from Antiquity to the Present","Clare Phillips","1996","isbn 0-500-20287-7","",""
"carowyn",1,0,"JEWELRY BOOKS","","Early Medieval Art","John Beckwith","1964","lcc 64-19953","",""
"carowyn",1,0,"JEWELRY BOOKS","","The Design and Creation of Jewelry","Robert von Neumann","1972","isbn 0-8019-6054-4","",""
"carowyn",1,0,"JEWELRY BOOKS","","Collector's Compass: Jewelry","Martingale &amp; Company","2000","isbn 1-56477-345-0","",""
"carowyn",1,0,"JEWELRY BOOKS","","Silver Jewelry Treasures","Nancy N Schiffer","2001","isbn 0-7643-1365-7","",""
"carowyn",1,0,"ARMOR BOOKS","","The Armored Horse in Europe: 1480-1620","Stuart W Pyhrr, Donald J LaRocca, Dirk H Breiding","2005","isbn 1-58839-150-7","",""
"carowyn",1,0,"ARMOR BOOKS","","Arms &amp; Armor","Helmut Nickel","1991","The Metropolitan Museum of Art, no ISBN","",""
"carowyn",1,0,"MINERAL ID BOOKS","","Amber: Window to the Past","David A Grimaldi","1996","ISBN 0-8109-2652-0","",""
"carowyn",1,0,"MINERAL ID BOOKS","","The Book of Diamonds","Joan Younger Dickinson","1965","LCC 65-15844","",""
"carowyn",1,0,"MINERAL ID BOOKS","","Collecting Fossils: Hold Prehistory in the Palm of Your Hand","Steve Parker","1997","ISBN 0-8069-9762-1","",""
"carowyn",1,0,"MINERAL ID BOOKS","","Gem Cutting","J. Daniel Willems","1948","The Manual Arts Press / Peoria Ill.","",""
"carowyn",1,0,"MINERAL ID BOOKS","","Minerals and Gemstones of the World","G Brocardo","1994","isbn 0-7153-0197-7","(focuses on the chemical properties)"
"carowyn",1,0,"ENAMEL BOOKS","","The Art of Enameling","Margarete Seeler","","ISBN 0-442-28164-1","",""
"carowyn",1,0,"ENAMEL BOOKS","","Enamels: The Smithsonian Illustrated Library of Antiques","Susan Benjamin","","LCC 82-72761","",""
"carowyn",1,0,"ENAMEL BOOKS","","European Enamels","Isa Belli Barsali","1966","Hamlyn Books (Cameo Books)","",""
"carowyn",1,0,"ENAMEL BOOKS","","Faberge","Geza von Habsburg","2004","ISBN 5-9900284-1-5","",""
"carowyn",1,0,"ENAMEL BOOKS","","Faberge: A Catalog of the Lillian Thomas Pratt Collection of Russian Imperial Jewels","Parker Lesley","1976","ISBN 0-917406-00-5","",""
"carowyn",1,0,"ENAMEL BOOKS","","The Greenfield Collection of Russian Enamels","Christie's - New York","10/20/98","","",""
"carowyn",1,0,"ENAMEL BOOKS","","How to Enamel on Copper","Walter T Foster publisher","","no ISBN","",""
"carowyn",1,0,"ENAMEL BOOKS","","Medieval Enamels","Marian Campbell","1983","isbn 0-11-290385-1","",""
"carowyn",1,0,"ENAMEL BOOKS","","Peter Carl Faberge: Goldsmith and Jeweller to the Russian Imperial Court","Henry Charles Bainbridge","1949","The Chaucer Press / Suffolk","",""
"carowyn",1,0,"METAL / SMITHING BOOKS","","The Complete Metalsmith","Tim McCreight","1991","ISBN 0-87192-240-1","",""
"carowyn",1,0,"METAL / SMITHING BOOKS","","An Illustrated Dictionary of Silver","Harold Newman","1987","isbn 0-500-28196-3","","$10 - Atlantic Books"
"carowyn",1,0,"METAL / SMITHING BOOKS","","The Mastermyr Find: A Viking Age Tool Chest From Gotland","Greta Arwidsson &amp; Gosta Berg","1999","ISBN 0-9650755-1-6","",""
"carowyn",1,0,"METAL / SMITHING BOOKS","","Silver","Bonhams &amp; Hamptons (auction house) - The Channel Islands","4/26/95","","",""
"carowyn",1,0,"METAL / SMITHING BOOKS","","Silver: The Smithsonian Illustrated Library of Antiques","Jessie McNabb","1981","LCC 78-62731","",""
"carowyn",1,0,"METAL / SMITHING BOOKS","","Silverware of the 20th Century: The Top 250 Patterns","Harry L Rinker","1997","isbn 0-676-60086-7","",""
"carowyn",1,0,"METAL / SMITHING BOOKS","","Medieval Crafts: A Book of Days","John Cherry","1993","isbn 0-500-01587-2","",""
"carowyn",1,0,"METAL / SMITHING BOOKS","","Gold Frying Pan Article","National Geographic","January 1974","Vol 145 No 1","",""
"carowyn",1,0,"GEM BOOKS","Gems","Gems &amp; Jewelry in Color","Ove Dragsted","1975","isbn 0-02-533500-6","",""
"carowyn",1,0,"GEM BOOKS","Gems","Gems: a Lively Guide for the Casual Collector","Daniel J Dennis Jr","1999","isbn 0-8109-4126-0","",""
"carowyn",1,0,"GEM BOOKS","Gems","The Gem Kingdom","Paul E. Desautels","date unknown","lcc 70-158812","",""
"carowyn",1,0,"GEM BOOKS","Gems","The National Gem Collection","Jeffrey E. Post","1997","isbn 0-8109-3690-9","",""
"carowyn",1,0,"GEM BOOKS","Gems","Precious Stones: Their History &amp; Mystery","William Jones","1880","lcc 68-22031","",""
"carowyn",1,0,"GEM BOOKS","Gems","The Smithsonian Treasury Minerals and Gems","John Sampson White","1991","isbn 0-517-05951-7","",""
"carowyn",1,0,"GEM BOOKS","Gems","Glossary of Obsolete Mineral Names","Peter Bayliss","2000","isbn 0-930259-04-1","","$24"
"carowyn",1,0,"GEM BOOKS","Gems","Encyclopedia of Mineral Names","William H Blackburn, William H Dennen","1997","isbn 0-921294-45-x","",""
"carowyn",1,0,"GEM BOOKS","Diamonds","Diamonds","Eric Bruton","1978","isbn 0-8019-6789-9","",""
"carowyn",1,0,"GEM BOOKS","Diamonds","Diamonds are a Girl's Best Friend","Sue Heady","1999","isbn 0-78581-097-8","",""
"carowyn",1,0,"GEM BOOKS","Emeralds","Emeralds are a Girl's Best Friend","Sue Heady","1999","isbn 0-78581-098-6","",""
"carowyn",1,0,"GEM BOOKS","Rubies","Rubies are a Girl's Best Friend","Sue Heady","1999","isbn 0-78581-099-4","",""
"carowyn",1,0,"GEM BOOKS","Pearls","Pearl Buying Guide 3rd Edition","Renee Newman","1999","isbn 0-929975-27-8","",""
"carowyn",1,0,"GEM BOOKS","Ivory","The Color of Ivory: Polychromy on Byzantine Ivories","Carolyn L Connor","1998","isbn 0-691-04818-5","",""
"carowyn",1,0,"GEM BOOKS","Ivory","Ivories of the West","Massimo Carra","1970","Hamlyn / Cameo Books","",""
"carowyn",1,0,"GEM BOOKS","Ivory","Masterpieces of Ivory From the Walters Art Gallery","Richard H Randall Jr","1985","isbn 0-933920-43-1","",""
"carowyn",1,0,"GEM BOOKS","Ivory","Afro-Portuguese Ivories","W.P. Fagg","","Batchworth Press / London - BP 105-s554","",""
"carowyn",1,0,"GEM BOOKS","Agates and Jaspers","The Agates of North America","Hugh Leiper ed.","1971","Arts &amp; Crafts Press / San Diego CA","",""
"carowyn",1,0,"GEM BOOKS","Agates and Jaspers","Agates","The Natural History Museum","1993","isbn 0-11-310012-4","",""
"carowyn",1,0,"GEM BOOKS","Jade","Antique Jade","Oscar Luzzato-Bilitz","1966","Cameo / Hamlyn House","",""
"carowyn",1,0,"GEM BOOKS","Jade","New Zealand Jade: The Story of Greenstone","Russell J Beck","1970","isbn 0-589-00424-7","",""
"carowyn",1,0,"GEM BOOKS","Sapphire","Sapphires are a Girl's Best Friend","Sue Heady","1999","isbn 0-78581-100-1","",""
"carowyn",1,0,"GEM BOOKS","Other","Sulphides: The Art of Cameo Incrustation","Paul Jokelson","1968","isbn 0-88365-134-3","",""
"carowyn",1,0,"GEM BOOKS","Other"," The Robert Haag Collection of Meteorites","Robert Haag","2003","Robert Haag / Tuscon AZ","",""
"carowyn",1,0,"GEM BOOKS","Minerals, Pigments","The Artifice of Beauty","Sally Pointer","2005","isbn 0-7509-3887-0","",""
"carowyn",1,0,"GEM BOOKS","Minerals, Pigments","Glossary of Obsolete Mineral Names","Peter Bayliss","2000","isbn 0-930259-04-1","",""
"carowyn",1,0,"GEM BOOKS","Minerals, Pigments","Encyclopedia of Mineral Names","William H Blackburn, William H Dennen","1997","isbn 0-921294-45-x","",""
"carowyn",1,0,"GEM BOOKS","Vertu - Boxes","Oriental Lacquer","Oscar Luzzato-Bilitz","1966","Cameo / Hamlyn House","",""
"carowyn",1,0,"JEWELRY BY CULTURE","Greek and Pre-Greek","Alexander the Great: Treasures from an Epic Era of Hellenism","Dimitrios Pandermalis","2004","Alexander S Onassis Foundation / New York","",""
"carowyn",1,0,"JEWELRY BY CULTURE","Polynesia","Gold Jewelry and Ornaments of Malaysia","Muzium of Negara","1988","isbn 967-9935-02-7","",""
"carowyn",1,0,"JEWELRY BY CULTURE","Europe","Gold and Silver Treasures of Ancient Italy","Carlo Carducci","1969","The Abbey Library / London","",""
"carowyn",1,0,"JEWELRY BY CULTURE","Middle East","Islamic Art: An Introduction","David James","1974","isbn 0-600-34854-7","",""
"carowyn",1,0,"JEWELRY BY CULTURE","Europe","Ornament &amp; Jewellery: Archeological Finds from Eastern Europe","Klement Benda","1967","Artia / Prague","",""
"carowyn",1,0,"JEWELRY BY CULTURE","Greek and Pre-Greek","The Search for Alexander: an Exhibition","","1980","isbn 0-8212-1117-x","",""
"carowyn",1,0,"JEWELRY BY CULTURE","Greek and Pre-Greek","The Search for Alexander: Supplement to the Catalogue","","1982","Metropolitan Museum of Art / New York","",""
"carowyn",1,0,"JEWELRY BY CULTURE","American Pre-Columbian Cultures","The Use of Gold and Other Metals among the Ancient Inhabitants of Chiriqui, Isthmus of Darien","William H Holmes","1887","Washington","",""
"carowyn",1,0,"JEWELRY BY CULTURE","American Pre-Columbian Cultures","Zuni Fetishes","Frank Hamilton Cushing","1999","isbn 0-88714-144-7","",""
"carowyn",1,0,"JEWELRY BY CULTURE","British Isles","Metal Craftsmanship in Early Ireland","Dr Michael Ryan","","","",""
"carowyn",1,0,"JEWELRY BY CULTURE","Egypt","Life Along the Nile: Three Egyptians of Ancient Thebes","Catharine H Roehring","2002","reprint of the Metropolitan Museum of Art Bulletin Summer 2002","",""
"carowyn",1,0,"JEWELRY BY CULTURE","Europe","European Enamels","Isa Belli Barsali","1969","Hamlyn / Cameo Books","",""
"carowyn",1,0,"JEWELRY BY CULTURE","Europe","Ivories of the West","Massimo Carra","1970","Hamlyn / Cameo Books","",""
"carowyn",1,0,"JEWELRY BY CULTURE","Europe","Early Medieval Art","John Beckwith","1964","lcc 64-19953","",""
"carowyn",1,0,"JEWELRY BY CULTURE","Europe","The Celts","T.G.E. Powell","1980","isbn 0-500-27275-1","",""
"carowyn",1,0,"JEWELRY BY CULTURE","Europe","Secular Goldsmiths' Work in Medieval France: A History","R.W. Lightbown","1978","isbn 0-500-99027-1","",""
"carowyn",1,0,"JEWELRY BY CULTURE","Greek and Pre-Greek","The Etruscans","Ellen Macnamara","1990","isbn 0-674-26907-1","",""
"carowyn",1,0,"JEWELRY BY CULTURE","Greek and Pre-Greek","Jewelry of Ancient Colchis","Othar Lordkipanidze","1972","","",""
"carowyn",1,0,"JEWELRY BY CULTURE","Greek and Pre-Greek","The Gold of Troy: The Story of Heinrich Schliemann and the Buried Cities of Ancient Greece","Robert Payne","1959","lcc 58-11361","",""
"carowyn",1,0,"JEWELRY BY CULTURE","Middle East","The Kuban's Ancient Gold","N Anfimov","1987","Krasnodar Book Publishers","",""
"carowyn",1,0,"JEWELRY BY CULTURE","Middle East","Treasures of the Holy Land: Ancient Art from the Israel Museum","The Metropolitan Museum of Art","1986","isbn 0-87099-471-9","",""
"carowyn",1,0,"JEWELRY BY CULTURE","Oriental","Oriental Lacquer","Oscar Luzzato-Bilitz","1969","Hamlyn / Cameo Books","",""
"carowyn",1,0,"JEWELRY BY CULTURE","Oriental","Antique Jade","Oscar Luzzato-Bilitz","1969","Hamlyn / Cameo Books","",""
"carowyn",1,0,"JEWELRY BY CULTURE","Oriental","The Heart of the Dragon","Alasdair Clayre","1984","isbn 0-395-41837-2","",""
"carowyn",1,0,"JEWELRY BY CULTURE","Rome","Antiquities of Roman Britain","The Trustees of the British Museum","1958","The British Museum","",""
"carowyn",1,0,"JEWELRY BY CULTURE","Rome","Art of the Byzantine Era","David Talbot Rice","1963","lcc 92-63041","",""
"carowyn",1,0,"JEWELRY BY CULTURE","Russia","Jewellery &amp; Metalwork in the Museums of Georgia","Alexander Javakhishvili &amp; Guram Abramishvili","1986","Aurora Art Publishers / Leningrad","",""
"carowyn",1,0,"JEWELRY BY CULTURE","American Pre-Columbian Cultures","Antique Jade","Oscar Luzzato-Bilitz","1969","Hamlyn / Cameo Books","",""
"carowyn",1,0,"JEWELRY BY CULTURE","Polynesia","Antique Jade","Oscar Luzzato-Bilitz","1969","Hamlyn / Cameo Books","",""
"carowyn",1,0,"PERIOD TRANSLATIONS","","De Virtutibus Lapidum / The Virtues of Stones","Damigeron","1989","isbn 0-9623780-0-3","",""
"carowyn",1,0,"PERIOD TRANSLATIONS","","The Book of Secrets","Albertus Magnus / Michael R Best &amp; Frank H Brightman editors","1973","isbn 0-87728-941-7","",""
"carowyn",1,0,"PERIOD TRANSLATIONS","","Treatises on Goldsmithing and Sculpture","Benvenuto Cellini / C.R. Ashbee","1967","lcc 66-13829","",""
"carowyn",1,0,"PERIOD TRANSLATIONS","","Pirotechnica","Vannoccio Biringuccio / Cyril Stanley Smith &amp; Martha Teach Gnudi","1943","lcc 59-6712","",""
"carowyn",1,0,"PERIOD TRANSLATIONS","","De Re Metallica","Georgius Agricola / Herbert Clark Hoover &amp; Lou Henry Hoover","1950","isbn 0-486-60006-8","",""
"carowyn",1,0,"PERIOD TRANSLATIONS","","On Stones","Theophrastus / Earle R Caley &amp; John C Richards","1956","Columbus, Ohio / Ohio State University","",""
"carowyn",1,0,"PERIOD TRANSLATIONS","","Physica","Hildegard Von Bingen / Priscilla Throop","1998","isbn 0-89281-661-9","chapters on stones, elements, metals",""
"carowyn",1,0,"PERIOD TRANSLATIONS","","On Stones / De Lapidibus","Theophrastus / D.E. Eichholz","1965","Oxford / At the Clarendon Press","",""
"carowyn",1,0,"PERIOD TRANSLATIONS","","The Craftsman's Handbook","Cennini / Daniel V Thompson Jr","1960","sbn 486-20054-x","",""
"carowyn",1,0,"PERIOD TRANSLATIONS","","A Roman Book on Precious Stones","Pliny the Elder / Sydney H Ball","1950","Lorrin L Morrison / Los Angeles, CA","",""
"carowyn",1,0,"MINING AND GEOLOGY BOOKS","","Devon's Ancient Industries and Handicrafts","A. Farquharson-Coe","1975","isbn 0-85932-086-3","",""
"carowyn",1,0,"MINING AND GEOLOGY BOOKS","","The Ancient Mining of Gold, Silver, and Precious Stone","Prof John Mastin","date not given","London / Simpkin, Marshall, Hamilton, Kent &amp; Co Ltd","",""
"carowyn",1,0,"MINING AND GEOLOGY BOOKS","","King Solomon's Golden Ophir","Carl Peters","1899 / reprint 1969","sbn 8371-1835-2","",""
"carowyn",1,0,"MINING AND GEOLOGY BOOKS","","The Inorganic Raw Materials of Antiquity","Andree Rosenfeld","1965","lcc 65-24572","",""
"carowyn",1,0,"MINING AND GEOLOGY BOOKS","","Ancient Salt Mining in Austria","Vincent Megaw, Graham Morgan, Thomas Stollner","","article out of 'Antiquity 74 (2000) 17-18'","",""
"carowyn",1,0,"MINING AND GEOLOGY BOOKS","","Gemstones of the World","Walter Schumann","1997","isbn 0-8069-9461-4","",""
"carowyn",1,0,"MINING AND GEOLOGY BOOKS","","Northwest Hunter's Gem &amp; Mineral Guide","Kathy J Rygle &amp; Stephen F Pedersen","1999","isbn 0-943763-24-x","",""
"carowyn",1,0,"MINING AND GEOLOGY BOOKS","","Southwest Treasure Hunter's Gem &amp; Mineral Guide","Kathy J Rygle &amp; Stephen F Pedersen","1999","isbn 0-943763-25-8","",""
"carowyn",1,0,"MINING AND GEOLOGY BOOKS","","Eastern Gem Trails","Floyd &amp; Helga Oles","","sbn 910652-06-6","",""
"carowyn",1,0,"METAPHYSICAL GEM BOOKS","","The Book of Talismans, Amulets &amp; Zodiacal Gems","William Pavitt","1974","isbn 0-85030-042-8","",""
"carowyn",1,0,"METAPHYSICAL GEM BOOKS","","Ancient Legends of Gems &amp; Jewels","Alda &amp; James Jangl","1985","self published","",""
"carowyn",1,0,"METAPHYSICAL GEM BOOKS","","Earth, Air, Fire and Water: More Techniques of Natural Magic","Scott Cunningham","2000","isbn 0-87542-131-8","",""
"carowyn",1,0,"METAPHYSICAL GEM BOOKS","","Crystam, Gem &amp; Metal Magic","Scott Cunningham","2000","isbn 0-87542-126-1","",""
"carowyn",1,0,"METAPHYSICAL GEM BOOKS","","The Magic of Jewels and Charms","George Frederick Kunz","1997","isbn 0-486-29671-7","",""
"carowyn",1,0,"METAPHYSICAL GEM BOOKS","","The Crystal Bible","Judy Hall","2003","isbn 1-58297-240-0","",""
"carowyn",1,0,"METAPHYSICAL GEM BOOKS","","Crystals, Gems &amp; Minerals of the Bible","Ruth V Wright &amp; Robert L Chadbourne","1970","isbn 0-87983-469-2","",""
"carowyn",0,0,"RESEARCH BOOKS","CLOTH BOOKS","Early Decorative Textiles","W. Fritz Volbach - Cameo Series","1969","The Hamlyn Publishing Group","","$15"
"carowyn",0,0,"RESEARCH BOOKS","COOK BOOKS","Blue &amp; Grey Cookery: Authentic Recipes from the Civil War Years","Hugh &amp; Judy Gowan","","","","5/14/05 w/ Norah &amp; kids at National Civil War Museum - $5"
"carowyn",0,0,"RESEARCH BOOKS","COOK BOOKS","Civil War in the Kitchen Cookbook","Hugh &amp; Judy Gowan","","","","5/14/05 w/ Norah &amp; kids at National Civil War Museum - $5"
"carowyn",0,0,"RESEARCH BOOKS","AGRICULTURAL BOOKS","Rare Breeds: Endangered Farm Animals in Photographs","Lawrence Alderson","1994","isbn 0-8212-2125-6","",""
"carowyn",0,0,"RESEARCH BOOKS","DYE BOOKS","A Perfect Red","Amy Butler Greenfield","10/8/05","isbn 0-06-052275-5","",""
"carowyn",0,0,"RESEARCH BOOKS","EUROPEAN HISTORY / CULTURE BOOKS","Scottish Superstitions","Raymond Lamont-Brown","1990","isbn 0-550-20059-2","",""
"carowyn",0,0,"RESEARCH BOOKS","AMERICAN INDIAN BOOKS","The Navajo Treaty 1868","intro by Martin A Link","","lcc 68-29989","",""
"carowyn",0,0,"RESEARCH BOOKS","AMERICAN HISTORY","Damn Dutch: Pennsylvania Germans at Gettysburg","David L Valuska &amp; Christian B Keller","","","","5/14/05 w/ Norah &amp; kids at National Civil War Museum - $27"
"carowyn",0,0,"RESEARCH BOOKS","AMERICAN HISTORY","Zuni Fetishes","Frank Hamilton Cushing","1999","isbn 0-88714-144-7","",""
"carowyn",0,0,"RESEARCH BOOKS","CALLIGRAPHY &amp; ILLUMINATION","Illuminated Manuscripts","Janice Anderson","","isbn 1-57717-155-1","","gift from DB"
"carowyn",0,0,"RESEARCH BOOKS","CALLIGRAPHY &amp; ILLUMINATION","Secreta: A Compilation of Medieval Recipes for Ink","THL Alienora Russeal","2004","","","(B)"
"carowyn",0,0,"RESEARCH BOOKS","MUSIC","The Messiah (vocal score)","G.F. Handel","1912","","",""
"carowyn",0,0,"RESEARCH BOOKS","MUSIC","Musical Instruments Through the Ages","Dr Alexander Buchner","1961","Batchworth Press Ltd / London","",""
"carowyn",0,0,"RESEARCH BOOKS","HERALDRY","Simple Heraldry","Iain Moncreiffe &amp; Don Pottinger","1979","isbn 0-8317-7799-0","",""
"carowyn",0,0,"RESEARCH BOOKS","PAINTING / OTHER FLAT ART","Leonardo","Frank Zollner","2000","isbn 3-8228-5979-6","",""
"carowyn",0,0,"RESEARCH BOOKS","PAINTING / OTHER FLAT ART","The Art of Amy Brown","introduction by charles de Lint","2003","isbn 0-9744612-2-9","",""
"carowyn",0,0,"RESEARCH BOOKS","PAINTING / OTHER FLAT ART","Leonardo da Vinci: The Mind of the Renaissance","Alessandro Vezzosi","1996","isbn 0-8109-2809-4","","$8"
"carowyn",0,0,"RESEARCH BOOKS","ACCESSORIES","Boxes: The Smithsonian Illustrated Library of Antiques","William C Ketchum Jr.","1982","lcc 82-72760","",""
"carowyn",0,0,"RESEARCH BOOKS","ACCESSORIES","Oriental Lacquer","Oscar Luzzato-Bilitz","1969","Paul Hamlyn / Cameo Books","","$7"
"carowyn",0,0,"RESEARCH BOOKS","ACCESSORIES","The National Coach Museum, Lisbon","Silvana Bessone","1993","isbn 2-907333-55-0","",""
"carowyn",0,0,"RESEARCH BOOKS","POTTERY &amp; PORCELAIN","Porcelain: The Smithsonian Illustrated Library of Antiques","Jerry E Patterson","1979","lcc 78-62736","",""
"carowyn",0,0,"RESEARCH BOOKS","SLEIGHT OF HAND","Louis Tannen's Number 10 Catalog of Magic","Louis Tannen","1973","Louis Tannen Inc/ NY","",""
"carowyn",0,0,"RESEARCH BOOKS","DOMESTIC CRAFTS","The Art of Doing Bread Sculpture Techniques","Helmke van Geel ed.","1985","isbn 9-06-577034-8","",""
"carowyn",0,0,"RESEARCH BOOKS","TREASURE HUNT","A Treasure's Trove","Michael Stadther","2004","isbn 0-9760618-0-5","2/7/05","$20"
"carowyn",0,0,"RESEARCH BOOKS","RELIGION / MYTHOLOGY (DEALER'S CHOICE)","(B) Symbols of Church","Carroll E Whittemore","1987","isbn 0-687-18301-4","",""
"carowyn",0,0,"RESEARCH BOOKS","RELIGION / MYTHOLOGY (DEALER'S CHOICE)","The Cross: Selected Writings &amp; Images","Max Lucado","1998","isbn 1-57673-093-x","",""
"carowyn",0,0,"RESEARCH BOOKS","RELIGION / MYTHOLOGY (DEALER'S CHOICE)","Goddesses, Heroes and Shamans: The Young People's Guide to World Mythology","Scholastic Inc","1994","isbn 0-439-15385-9","",""
"carowyn",0,0,"RESEARCH BOOKS","RELIGION / MYTHOLOGY (DEALER'S CHOICE)","The Pope in America: A Pictorial Record","Chartwell Books","1979","isbn 0-89009-314-8","",""
"carowyn",1,0,"MISCELLANEOUS (Jewelry, Goldwork, Antiquities, etc., Combined)","","Ancient Bronzes, Ceramics and Seals","P.R.S Moorey et al","1981","isbn 0-87587-100-3","",""
"carowyn",1,0,"MISCELLANEOUS (Jewelry, Goldwork, Antiquities, etc., Combined)","","Antiquities","Christie's - New York","12/7/00","","",""
"carowyn",1,0,"MISCELLANEOUS (Jewelry, Goldwork, Antiquities, etc., Combined)","","Antiquities","Christie's - New York","12/10/04","","",""
"carowyn",1,0,"MISCELLANEOUS (Jewelry, Goldwork, Antiquities, etc., Combined)","","Antiquities","Sotheby's - London","5/19/86","","",""
"carowyn",1,0,"MISCELLANEOUS (Jewelry, Goldwork, Antiquities, etc., Combined)","","Antiquities","Sotheby's - London","12/9/85","","",""
"carowyn",1,0,"MISCELLANEOUS (Jewelry, Goldwork, Antiquities, etc., Combined)","","The Breitbart Collection of Antiquities and Ancient Glass","Sotheby's - New York","6/20/90","","",""
"carowyn",1,0,"MISCELLANEOUS (Jewelry, Goldwork, Antiquities, etc., Combined)","","Christie's Magazine - Sep/Oct 2004","The C. Ruxton and Audrey B. Love Collection","4/05","","",""
"carowyn",1,0,"MISCELLANEOUS (Jewelry, Goldwork, Antiquities, etc., Combined)","","The Glory of Baroque Dresden: The State Art Collections Dresden","Mississippi Arts Commission for International Cultural Exchange","2004","lcc 20031166375","",""
"carowyn",1,0,"MISCELLANEOUS (Jewelry, Goldwork, Antiquities, etc., Combined)","","Portrait Miniatures, Objects of Vertu, Icons, Russian and Other Silver","Christie's - South Kensington","12/7/04","","",""
"carowyn",1,0,"MISCELLANEOUS (Jewelry, Goldwork, Antiquities, etc., Combined)","","Silver &amp; Furniture","Bonham's - West Country","6/29/95","","",""
"carowyn",1,0,"MISCELLANEOUS (Jewelry, Goldwork, Antiquities, etc., Combined)","","Syria: Land of Civilizations","Michel Fortin","1999","ISBN 2-7619-1521-6","",""
"carowyn",1,0,"MISCELLANEOUS (Jewelry, Goldwork, Antiquities, etc., Combined)","","Silver, Jewellery &amp; Furniture""Duke's Auction House","8/14-15/03","","",""
"carowyn",1,0,"MISCELLANEOUS (Jewelry, Goldwork, Antiquities, etc., Combined)","","Catalogue of Egyptian, Irish Bronze Age, Western Asiatic, Greek, Etruscan, Roman, Anglo-Saxon, Frankish and Viking Antiquities","Sotheby's - London","7/12/71","","",""
"carowyn",1,0,"MISCELLANEOUS (Jewelry, Goldwork, Antiquities, etc., Combined)","","American Journal of Archeology","Vol 109 No 2","April 2005","issn 0002-9114","",""
"apolloniavoss",1,0," MOST Up to date booklist is at Library Thing","","http://www.librarything.com/profile/ApolloniaVoss","Library Thing","2012-02-05","","",""
"apolloniavoss",1,0,"Anglo-Saxon","","The Trewhiddle Hoard.","David M. Wilson and C.E. Blunt","","appearing in Arcaeologia volume 98 pages 75-122.","",""
"apolloniavoss",1,0,"Bone Carving &amp; Ivories","","Gothic Ivories of the 13th and 14th Centuries","Joseph Natanson","","Alec Tiranti Ltd: London. 195","
"apolloniavoss",1,0,"Bone Carving &amp; Ivories","","Ivories of the West","Massimo Carrà","1966","ISBN:600348024","The Hamlyn House: London",""
"apolloniavoss",1,0,"Byzantium/Byzantine","","The Gold Breast Chain From the Early Byzantine Period in the Römisch-Germainsches Zentralmusuem","Katharine R. Brown","1984","ISBN: 3884670085","",""
"apolloniavoss",1,0,"Celtic: Ireland; Irish","","Irish Shrines &amp; Reliquaries of the Middle Ages","Raghnall Ó Floinn","1994","ISBN: 0946172404","National Musuem of Ireland: Dublin",""
"apolloniavoss",1,0,"Islamic / Middle Eastern","","Islamic Metalwork","Rachel Ward","1993","ISBN: 0500277311","Thames and Hudson Inc: NY","This book traces the range of materials and techniques, decorative motifs and diverse local styles of Islamic metalwork from the sevenths to the fifteenth century, with a wealth of illustrations from the British Museum and other major collections."
"apolloniavoss",1,0,"Islamic / Middle Eastern","","Sasanian Silver: Late Antique and Early Mediaeval Arts of Luxury from Iran","University of Michigan Museum of Art: Ann Arbor","1967","Exhibition catalog and historical survey","",""
"apolloniavoss",1,0,"Middle Ages","","Medieval Jewellery from the eleventh to the fifteenth century","David A Hinton","1982","ISBN:0852635761","Shire Publications, LTD: UK. Approx 50 pages","An excellent, short overview of Medieval Jewellery."
"apolloniavoss",1,0,"Middle Ages","","Round Wire in the Early Middle Ages","Niamh Whitfield","","Appearing in Jewellery Studies Volume 4 pages 13-28","",""
"apolloniavoss",1,0,"Viking","","The Viking-Age Gold and Silver of Scotland (AD 850-1100)","James Graham-Campbell","1995","ISBN: 0948636629","National Museums of Scotland: Hampshire",""
"apolloniavoss",1,0,"Viking","","Viking Jewelry [Dissertation]","Ellen M. Janis","1973","Carnegie Mellon University of Fine Arts","",""
"apolloniavoss",1,0,"Viking","","Braid, weave, and 'foxtail'","Leena Tomanterä","1984","Appearing in Fenno Ugri et Slavi 1983: Papers Presented by the Participants in the Soviet-Finnish Symposium 'Trade, Exchange and Culture Relations of the Peoples of Fennoscandia and Eastern Europe' 3 May 1983.  Helsinki: Suomen Muinaismuistoyhdistys-Finska Fornminnes Foreningen. pp. 70-76","",""
"apolloniavoss",1,0,"Viking","","Traces of The Central Asian Culture in the North","Leena Tomanterä","1986","Appearing in Sumalais-urgilaisen Seuran Toimituksia Mémoires De La Société Finno-Ougrienne. 194. Helsinki pp. 263-278","",""
"apolloniavoss",1,0,"Enamel","","Enamels, Enameling, Enamelists","Glenice Lesley Matthews","1984","ISBN: 080197284X","Chilton Book Company: Radnor, PA",""
"apolloniavoss",1,0,"Enamel","","First Steps in Enameling","Jinks McGrath","1994","ISBN: 0785800336","Quintet Publishing: Edison NJ",""
"apolloniavoss",1,0,"Glass Beads","","Making Glass Beads","Cindy Jenkins","1997","ISBN:  1887374167","Lark Books: New York",""
"apolloniavoss",1,0,"Glass Beads","","Beads: An Exploration of Bead Traditions Around the World","Janet Coles &amp; Robert Budwig","1997","ISBN: 0684834626","Simon &amp; Schuster: N.Y",""
"apolloniavoss",1,0,"Jewelry Techniques","","The Splendor of Ethnic Jewelry","France Borel","1994","ISBN:0810944537","Harry Abrams: NY",""
"apolloniavoss",1,0,"Anglo-Saxon","","The Sutton Hoo Ship-Burial: A Provisional Guide","the British Museum","1947","","",""
"apolloniavoss",1,0,"Vikings","","From Viking to Crusader: The Scandinavians and Europe 800-1200","Else Roesdahl and David M. Wilson","1992","ISBN:0847916257","Rizzoli: New York",""
"apolloniavoss",1,0,"Vikings","","Övergångstidens Metallkonst","AV Wilhelm Holmqvist","1963","Almqvist &amp; Wiksell: Stockholm","",""
"apolloniavoss",1,0,"Vikings","","The Vikings in England","Else Rosedahl et al","1981","ISBN:0950743208","Penshurst Press Ltd: Kent",""
"apolloniavoss",1,0,"Vikings","","Viking Antiquities in Great Britain and Ireland [Multi volume set]","H. Aschehoug &amp; Co: Oslo","1940","","","Of interest are: Part II: Viking Antiquities in Scotland,  by Sigurd Grieg, Part III: Norse Antiquities in Ireland  by Johs. Bøe, Part IV: Viking Antiquities in England with a Supplement of Viking Antiquities on the Continent of Western Europe by Anathon Bjørn and Haakon Shetelig, Part V: British Antiquities of the Viking Period, Found in Norway by Jan Petersen."
"apolloniavoss",1,0,"Vikings","","Viking Artefacts: A Select Catalogue","James Graham-Campbell","1980","ISBN:0714113549","British Museum Publications Limited: London",""
"apolloniavoss",1,0,"Anglo-Saxon","","The Art of the Anglo-Saxon Goldsmith: Fine Metalwork in Anglo-Saxon England: its Practice and Practitioners","Elizabeth Coatsworth and Michael Pinder","2002","ISBN: 0851158838","Boydell Press: Woodbridge","Still in print"
"apolloniavoss",1,0,"Byzantine","","Byzantine Women and Their World","Ioli Kalavrezou","2003","ISBN: 1891771280","Harvard University Press: New Haven","Still in print"
"apolloniavoss",1,0,"Jewelry Techniques","","Ancient Wire: An illustrated gude ot making intricate jewelry in the manner of the Vikings and other ancient cultures","Helen Jacobs","","","",""
"apolloniavoss",1,0,"A Chainmaker's Library","","Classical Loop-in-Loop Chains","Jean Reist Stark","December 15, 1999","ISBN: 0961598484","Publisher: Brynmorgen Pr","Still In Print"
"apolloniavoss",1,0,"A Chainmaker's Library","","Great Wire Jewelry: Projects &amp; Techniques","Irene Peterson","December 1999","ISBN: 1579900933","Publisher: Lark Books","Still In Print"
"apolloniavoss",1,0,"A Chainmaker's Library","","Knitting with Wire","Nancie M. Wiseman","April 1, 2003","ISBN: 1931499314","Publisher: Interweave Press","Still In Print"
"apolloniavoss",1,0,"A Chainmaker's Library","","Making Silver Chains","Glen F. Waszek","June 2001","ISBN: 1-57990-183-2","Publisher: Lark Books","Still In Print"
"apolloniavoss",1,0,"A Chainmaker's Library","","Making Wire Jewelry: 60 Easy Projects in Silver, Copper &amp; Brass","Helen Clegg , Mary Larom","December 1999","ISBN: 157990002X","Publisher: Lark Books","Still In Print"
"apolloniavoss",1,0,"A Chainmaker's Library","","Textile Techniques in Metal, For Jewelers, Textile Artists and Sculptors","Arline M. Fisch","December 2001","ISBN: 1-57990-256-1","Publisher: Lark Books","Still In Print"
"apolloniavoss",1,0,"Jewelry Techniques","","Jewelry Concepts and Technolgy","Oppi Untracht","1982","ISBN: 0385041853","Doubleday: New York","Still in print"
"apolloniavoss",1,0,"Jewelry Techniques","","Practical Casting: A Studio Reference (revised edition)","Tim McCreight","1994","ISBN:096159845x","Brynmorgen Press: Cape Elizabeth, Maine",""
"apolloniavoss",1,0,"Jewelry Techniques","","Lost Wax Casting of Jewelry","Keith Edwards","1974","ISBN: 08092863328","Mills &amp; Boon: London",""
"apolloniavoss",1,0,"Jewelry Techniques","","The Metasmith&rsquo;s Book of Boxes &amp; Lockets","Tim McCeight","1999","ISBN:0965824896","Hand Books Press: Madison Wisconsin",""
"apolloniavoss",1,0,"Jewelry Techniques","","The Thames and Hudson Manual of Metalworking","Peter Scott","1978","Thames and Hudson: London","",""
"raffaella",1,0,"Blacksmithing","","American Blacksmithing - Toolsmith and Steelworkers Manual","By Holmstrom &amp; Holford","1912","Printed for Sears Roebuck &amp; Co by Fredrick J. Drake &amp; Co.","",""
"raffaella",1,0,"Blacksmithing","","The Art of Blacksmithing - Revised Edition","By Alex W. Bealer","1976 ","ISBN 13: 978-0-7858-0395-9 , ISBN 10: 0-7858-0395-5","",""
"raffaella",1,0,"Blacksmithing","","Blacksmith Shop &amp; Iron Forging","&ldquo;Lost Technology Series&rdquo; Reprinted by Lindsay Publications","1906","ISBN: 0-917914-07-4","Original publication ©1906 by International Correspondance Schools",""
"raffaella",1,0,"Blacksmithing","","Manual of Blacksmithing","By John R. Smith","1902","ISBN: 1-55918-128-1","Reprinted by Lindsay Publications",""
"raffaella",1,0,"Blacksmithing","","Elementary Forge Practice","By Robert H. Harcourt","1917","ISBN: 1-55918-169-9","Reprinted by Lindsay Publications",""
"raffaella",1,0,"Blacksmithing","","The Blacksmith&rsquo;s Craft - A Primer of Tools &amp; Methods","By Charles McRaven","2005","ISBN 13: 978-1-58017-593-7 , ISBN 10: 1-58017-593-7","",""
"raffaella",1,0,"Blacksmithing","","The Backyard Blacksmith - Traditional Techniques for the Modern Smith","By Lorelei Sims","2006","ISBN: 1-59359-251-9","",""
"raffaella",1,0,"Blacksmithing","","Elementary Wrought Iron","By J.W. Bollinger","1930 ","ISBN: 1-55918-210-5","Reprinted by Lindsay Publications; Original publication ©1930 Bollinger Press",""
"raffaella",1,0,"Blacksmithing","","The Pattern-Welded Blade - Artistry in Iron","By Jim Hrisoulas","1994 ","ISBN: 978-1-58160-544-0","",""
"raffaella",1,0,"Metals, Smelting &amp; Casting","","Elementary Metallurgy","By W.T. Frier","1942","McGraw-Hill Book Company, Inc.","",""
"raffaella",1,0,"Metals, Smelting &amp; Casting","","Making Iron &amp; Steel - The Historic Process, 1700-1900, 2nd edition","By Jack Chard","1995","Published by the North Jersey Highlands Historical Society","P.O. Box 248, Ringwood NJ 07456",""
"raffaella",1,0,"Metals, Smelting &amp; Casting","","American Charcoal Making in the Era of the Cold-Blast Furnace","Hopewell Furnace National Historic Site","","","2 Mark Bird Lane, Elverson, PA 19520",""
"raffaella",1,0,"Metals, Smelting &amp; Casting","","Secrets of Green Sand Casting","&ldquo;Lost Technology Series&rdquo; Reprinted by Lindsay Publications","1906","ISBN: 0-917914-08-2","Original publication ©1906 by International Correspondance Schools",""
"raffaella",1,0,"Jewelry and Decorative Metalwork","","Great Wire Jewelry - Projects &amp; Techniques","By Irene From Peterson","1998","ISBN: 1-57990-093-3","",""
"raffaella",1,0,"Jewelry and Decorative Metalwork","","Ancient Wire - an Illustrated Guide to making intricate jewelry in the manner of the Vikings and other ancient cultures","By Helene Jacobs","2005","www.AncientWire.com","",""
"raffaella",1,0,"Jewelry and Decorative Metalwork","","Vikings - The North Atlantic Saga","Edited by William H. Fitzhugh and Elisabeth I Ward","2000","ISBN: 1-56098-970-x","Smithsonian Institution Press",""
"raffaella",1,0,"Jewelry and Decorative Metalwork","","Treasures of Early Irish Art 1500BC to 1500 AD","The Metropolitan Museum of Art","1977","ISBN: 0-87099-164-7","",""
"raffaella",1,0,"Jewelry and Decorative Metalwork","","The Barbarian Kings - Treasures of the World","By Lionel Casson","1982","ISBN: 0-86706-050-6","",""
